{
  "matches": [
    {
      "unique_id": 1152849,
      "date": "2019-09-04T00:00:00.000Z",
      "dateTimeGMT": "2019-09-04T10:00:00.000Z",
      "team-1": "England",
      "team-2": "Australia",
      "type": "Test",
      "squad": true,
      "toss_winner_team": "Australia",
      "matchStarted": true
    },
    {
      "unique_id": 1185837,
      "date": "2019-09-04T00:00:00.000Z",
      "dateTimeGMT": "2019-09-04T23:00:00.000Z",
      "team-1": "Trinbago Knight Riders",
      "team-2": "St Kitts and Nevis Patriots",
      "type": "Twenty20",
      "squad": true,
      "toss_winner_team": "St Kitts and Nevis Patriots",
      "winner_team": "Trinbago Knight Riders",
      "matchStarted": true
    },
    {
      "unique_id": 1197059,
      "date": "2019-09-05T00:00:00.000Z",
      "dateTimeGMT": "2019-09-05T09:00:00.000Z",
      "team-1": "Bangladesh Women",
      "team-2": "Ireland Women",
      "type": "WomensT20I",
      "squad": true,
      "toss_winner_team": "Ireland Women",
      "winner_team": "Bangladesh Women",
      "matchStarted": true
    },
    {
      "unique_id": 1197060,
      "date": "2019-09-05T00:00:00.000Z",
      "dateTimeGMT": "2019-09-05T09:00:00.000Z",
      "team-1": "Netherlands Women",
      "team-2": "United States of America Women",
      "type": "WomensT20I",
      "squad": true,
      "toss_winner_team": "United States of America Women",
      "winner_team": "Netherlands Women",
      "matchStarted": true
    },
    {
      "unique_id": 1197061,
      "date": "2019-09-05T00:00:00.000Z",
      "dateTimeGMT": "2019-09-05T13:00:00.000Z",
      "team-1": "Papua New Guinea Women",
      "team-2": "Thailand Women",
      "type": "WomensT20I",
      "squad": true,
      "toss_winner_team": "Papua New Guinea Women",
      "winner_team": "Thailand Women",
      "matchStarted": true
    },
    {
      "unique_id": 1197062,
      "date": "2019-09-05T00:00:00.000Z",
      "dateTimeGMT": "2019-09-05T13:00:00.000Z",
      "team-1": "Scotland Women",
      "team-2": "Namibia Women",
      "type": "WomensT20I",
      "squad": true,
      "toss_winner_team": "Scotland Women",
      "winner_team": "Scotland Women",
      "matchStarted": true
    },
    {
      "unique_id": 1197423,
      "date": "2019-09-05T00:00:00.000Z",
      "dateTimeGMT": "2019-09-04T03:30:00.000Z",
      "team-1": "India A",
      "team-2": "South Africa A",
      "type": "ListA",
      "squad": true,
      "toss_winner_team": "India A",
      "winner_team": "South Africa A",
      "matchStarted": true
    },
    {
      "unique_id": 1197138,
      "date": "2019-09-05T00:00:00.000Z",
      "dateTimeGMT": "2019-09-05T04:00:00.000Z",
      "team-1": "Bangladesh",
      "team-2": "Afghanistan",
      "type": "Test",
      "squad": true,
      "toss_winner_team": "Afghanistan",
      "matchStarted": true
    },
    {
      "unique_id": 1167254,
      "date": "2019-09-05T00:00:00.000Z",
      "dateTimeGMT": "2019-09-05T18:00:00.000Z",
      "team-1": "Nottinghamshire",
      "team-2": "Middlesex",
      "type": "Twenty20",
      "toss_winner_team": "Nottinghamshire",
      "winner_team": "Nottinghamshire",
      "squad": false,
      "matchStarted": true
    },
    {
      "unique_id": 1185838,
      "date": "2019-09-05T00:00:00.000Z",
      "dateTimeGMT": "2019-09-05T22:00:00.000Z",
      "team-1": "Guyana Amazon Warriors",
      "team-2": "St Lucia Zouks",
      "type": "Twenty20",
      "squad": true,
      "toss_winner_team": "St Lucia Zouks",
      "winner_team": "Guyana Amazon Warriors",
      "matchStarted": true
    },
    {
      "unique_id": 1198472,
      "date": "2019-09-05T00:00:00.000Z",
      "dateTimeGMT": "2019-09-05T18:00:00.000Z",
      "team-1": "West Indies Women",
      "team-2": "Australia Women",
      "type": "WomensODI",
      "squad": true,
      "toss_winner_team": "West Indies Women",
      "winner_team": "Australia Women",
      "matchStarted": true
    },
    {
      "unique_id": 1182949,
      "date": "2019-09-05T00:00:00.000Z",
      "dateTimeGMT": "2019-09-05T14:30:00.000Z",
      "team-1": "Amsterdam Kings",
      "team-2": "Rotterdam Rhinos",
      "type": "Twenty20",
      "squad": false,
      "matchStarted": true
    },
    {
      "unique_id": 1199140,
      "date": "2019-09-05T00:00:00.000Z",
      "dateTimeGMT": "2019-09-05T04:30:00.000Z",
      "team-1": "Afghanistan Under-19s",
      "team-2": "Pakistan Under-19s",
      "type": "YouthODI",
      "squad": true,
      "toss_winner_team": "Pakistan Under-19s",
      "winner_team": "Afghanistan Under-19s",
      "matchStarted": true
    },
    {
      "unique_id": 1199139,
      "date": "2019-09-05T00:00:00.000Z",
      "dateTimeGMT": "2019-09-05T04:30:00.000Z",
      "team-1": "India Under-19s",
      "team-2": "Kuwait Under-19s",
      "squad": true,
      "toss_winner_team": "India Under-19s",
      "winner_team": "India Under-19s",
      "matchStarted": true,
      "type": ""
    },
    {
      "unique_id": 1197813,
      "date": "2019-09-06T00:00:00.000Z",
      "dateTimeGMT": "2019-09-03T03:30:00.000Z",
      "team-1": "Bangladesh Emerging Team",
      "team-2": "Sri Lanka Emerging Team",
      "type": "Tests",
      "toss_winner_team": "Bangladesh Emerging Team",
      "squad": false,
      "matchStarted": true
    },
    {
      "unique_id": 1177150,
      "date": "2019-09-06T00:00:00.000Z",
      "dateTimeGMT": "2019-09-03T10:00:00.000Z",
      "team-1": "Hampshire 2nd XI",
      "team-2": "Leicestershire 2nd XI",
      "type": "First-class",
      "squad": false,
      "matchStarted": true
    },
    {
      "unique_id": 1197358,
      "date": "2019-09-06T00:00:00.000Z",
      "dateTimeGMT": "2019-09-04T04:00:00.000Z",
      "team-1": "India Red",
      "team-2": "India Green",
      "type": "First-class",
      "squad": true,
      "toss_winner_team": "India Green",
      "matchStarted": true
    },
    {
      "unique_id": 1192877,
      "date": "2019-09-06T00:00:00.000Z",
      "dateTimeGMT": "2019-09-06T13:30:00.000Z",
      "team-1": "Sri Lanka",
      "team-2": "New Zealand",
      "type": "T20I",
      "squad": true,
      "matchStarted": false
    },
    {
      "unique_id": 1167255,
      "date": "2019-09-06T00:00:00.000Z",
      "dateTimeGMT": "2019-09-06T18:00:00.000Z",
      "team-1": "Sussex",
      "team-2": "Worcestershire",
      "type": "Twenty20",
      "squad": false,
      "matchStarted": false
    },
    {
      "unique_id": 1185839,
      "date": "2019-09-06T00:00:00.000Z",
      "dateTimeGMT": "2019-09-07T00:00:00.000Z",
      "team-1": "Trinbago Knight Riders",
      "team-2": "Jamaica Tallawahs",
      "type": "Twenty20",
      "squad": true,
      "matchStarted": false
    },
    {
      "unique_id": 1196031,
      "date": "2019-09-06T00:00:00.000Z",
      "dateTimeGMT": "2019-09-06T07:30:00.000Z",
      "team-1": "Rwanda Women",
      "team-2": "Nigeria Women",
      "type": "WomensT20I",
      "squad": false,
      "matchStarted": true
    },
    {
      "unique_id": 1196032,
      "date": "2019-09-06T00:00:00.000Z",
      "dateTimeGMT": "2019-09-06T11:50:00.000Z",
      "team-1": "Rwanda Women",
      "team-2": "Nigeria Women",
      "type": "WomensT20I",
      "squad": false,
      "matchStarted": false
    },
    {
      "unique_id": 1197424,
      "date": "2019-09-06T00:00:00.000Z",
      "dateTimeGMT": "2019-09-06T03:30:00.000Z",
      "team-1": "India A",
      "team-2": "South Africa A",
      "type": "ListA",
      "squad": true,
      "toss_winner_team": "India A",
      "matchStarted": true
    },
    {
      "unique_id": 1182950,
      "date": "2019-09-06T00:00:00.000Z",
      "dateTimeGMT": "2019-09-06T10:30:00.000Z",
      "team-1": "Edinburgh Rocks",
      "team-2": "Glasgow Giants",
      "type": "Twenty20",
      "squad": false,
      "matchStarted": true
    },
    {
      "unique_id": 1182951,
      "date": "2019-09-06T00:00:00.000Z",
      "dateTimeGMT": "2019-09-06T14:30:00.000Z",
      "team-1": "Belfast Titans",
      "team-2": "Rotterdam Rhinos",
      "type": "Twenty20",
      "squad": false,
      "matchStarted": false
    },
    {
      "unique_id": 1199142,
      "date": "2019-09-06T00:00:00.000Z",
      "dateTimeGMT": "2019-09-06T04:30:00.000Z",
      "team-1": "Bangladesh Under-19s",
      "team-2": "United Arab Emirates Under-19s",
      "squad": true,
      "toss_winner_team": "Bangladesh Under-19s",
      "winner_team": "Bangladesh Under-19s",
      "matchStarted": true,
      "type": ""
    },
    {
      "unique_id": 1199141,
      "date": "2019-09-06T00:00:00.000Z",
      "dateTimeGMT": "2019-09-06T04:30:00.000Z",
      "team-1": "Sri Lanka Under-19s",
      "team-2": "Nepal Under-19s",
      "squad": true,
      "toss_winner_team": "Nepal Under-19s",
      "matchStarted": true,
      "type": ""
    },
    {
      "unique_id": 1197063,
      "date": "2019-09-07T00:00:00.000Z",
      "dateTimeGMT": "2019-09-07T09:00:00.000Z",
      "team-1": "Ireland Women",
      "team-2": "Papua New Guinea Women",
      "type": "WomensT20I",
      "squad": true,
      "matchStarted": false
    },
    {
      "unique_id": 1197064,
      "date": "2019-09-07T00:00:00.000Z",
      "dateTimeGMT": "2019-09-07T09:00:00.000Z",
      "team-1": "Namibia Women",
      "team-2": "United States of America Women",
      "type": "WomensT20I",
      "squad": true,
      "matchStarted": false
    },
    {
      "unique_id": 1197065,
      "date": "2019-09-07T00:00:00.000Z",
      "dateTimeGMT": "2019-09-07T13:00:00.000Z",
      "team-1": "Bangladesh Women",
      "team-2": "Thailand Women",
      "type": "WomensT20I",
      "squad": true,
      "matchStarted": false
    },
    {
      "unique_id": 1197066,
      "date": "2019-09-07T00:00:00.000Z",
      "dateTimeGMT": "2019-09-07T13:00:00.000Z",
      "team-1": "Scotland Women",
      "team-2": "Netherlands Women",
      "type": "WomensT20I",
      "squad": true,
      "matchStarted": false
    },
    {
      "unique_id": 1167256,
      "date": "2019-09-07T00:00:00.000Z",
      "dateTimeGMT": "2019-09-07T18:00:00.000Z",
      "team-1": "Gloucestershire",
      "team-2": "Derbyshire",
      "type": "Twenty20",
      "squad": false,
      "matchStarted": false
    },
    {
      "unique_id": 1185840,
      "date": "2019-09-07T00:00:00.000Z",
      "dateTimeGMT": "2019-09-08T00:00:00.000Z",
      "team-1": "Guyana Amazon Warriors",
      "team-2": "St Kitts and Nevis Patriots",
      "type": "Twenty20",
      "squad": true,
      "matchStarted": false
    },
    {
      "unique_id": 1196033,
      "date": "2019-09-07T00:00:00.000Z",
      "dateTimeGMT": "2019-09-07T07:30:00.000Z",
      "team-1": "Rwanda Women",
      "team-2": "Nigeria Women",
      "type": "WomensT20I",
      "squad": false,
      "matchStarted": false
    },
    {
      "unique_id": 1199144,
      "date": "2019-09-07T00:00:00.000Z",
      "dateTimeGMT": "2019-09-07T04:30:00.000Z",
      "team-1": "Afghanistan Under-19s",
      "team-2": "Kuwait Under-19s",
      "squad": false,
      "matchStarted": false,
      "type": ""
    },
    {
      "unique_id": 1199143,
      "date": "2019-09-07T00:00:00.000Z",
      "dateTimeGMT": "2019-09-07T04:30:00.000Z",
      "team-1": "India Under-19s",
      "team-2": "Pakistan Under-19s",
      "type": "YouthODI",
      "squad": false,
      "matchStarted": false
    },
    {
      "unique_id": 1182952,
      "date": "2019-09-07T00:00:00.000Z",
      "dateTimeGMT": "2019-09-07T10:30:00.000Z",
      "team-1": "Amsterdam Kings",
      "team-2": "Dublin Chiefs",
      "type": "Twenty20",
      "squad": false,
      "matchStarted": false
    },
    {
      "unique_id": 1182953,
      "date": "2019-09-07T00:00:00.000Z",
      "dateTimeGMT": "2019-09-07T14:30:00.000Z",
      "team-1": "Edinburgh Rocks",
      "team-2": "Rotterdam Rhinos",
      "type": "Twenty20",
      "squad": false,
      "matchStarted": false
    },
    {
      "unique_id": 1199145,
      "date": "2019-09-08T00:00:00.000Z",
      "dateTimeGMT": "2019-09-08T04:30:00.000Z",
      "team-1": "Sri Lanka Under-19s",
      "team-2": "United Arab Emirates Under-19s",
      "squad": false,
      "matchStarted": false,
      "type": ""
    },
    {
      "unique_id": 1199146,
      "date": "2019-09-08T00:00:00.000Z",
      "dateTimeGMT": "2019-09-08T04:30:00.000Z",
      "team-1": "Bangladesh Under-19s",
      "team-2": "Nepal Under-19s",
      "squad": false,
      "matchStarted": false,
      "type": ""
    },
    {
      "unique_id": 1185841,
      "date": "2019-09-08T00:00:00.000Z",
      "dateTimeGMT": "2019-09-08T16:00:00.000Z",
      "team-1": "Trinbago Knight Riders",
      "team-2": "St Lucia Zouks",
      "type": "Twenty20",
      "squad": true,
      "matchStarted": false
    },
    {
      "unique_id": 1185842,
      "date": "2019-09-08T00:00:00.000Z",
      "dateTimeGMT": "2019-09-08T21:00:00.000Z",
      "team-1": "Guyana Amazon Warriors",
      "team-2": "Barbados Tridents",
      "type": "Twenty20",
      "squad": true,
      "matchStarted": false
    },
    {
      "unique_id": 1198473,
      "date": "2019-09-08T00:00:00.000Z",
      "dateTimeGMT": "2019-09-08T13:30:00.000Z",
      "team-1": "West Indies Women",
      "team-2": "Australia Women",
      "type": "WomensODI",
      "squad": true,
      "matchStarted": false
    },
    {
      "unique_id": 1197534,
      "date": "2019-09-08T00:00:00.000Z",
      "dateTimeGMT": "2019-09-08T05:30:00.000Z",
      "team-1": "Diasqua Little Sai Wan Cricket Club",
      "team-2": "Hong Kong Cricket Club",
      "type": "Twenty20",
      "squad": false,
      "matchStarted": false
    },
    {
      "unique_id": 1197535,
      "date": "2019-09-08T00:00:00.000Z",
      "dateTimeGMT": "2019-09-08T06:00:00.000Z",
      "team-1": "Kowloon Cricket Club",
      "team-2": "United Services Recreation Club",
      "type": "Twenty20",
      "squad": false,
      "matchStarted": false
    },
    {
      "unique_id": 1182954,
      "date": "2019-09-08T00:00:00.000Z",
      "dateTimeGMT": "2019-09-08T10:30:00.000Z",
      "team-1": "Amsterdam Kings",
      "team-2": "Belfast Titans",
      "type": "Twenty20",
      "squad": false,
      "matchStarted": false
    },
    {
      "unique_id": 1182955,
      "date": "2019-09-08T00:00:00.000Z",
      "dateTimeGMT": "2019-09-08T14:30:00.000Z",
      "team-1": "Dublin Chiefs",
      "team-2": "Rotterdam Rhinos",
      "type": "Twenty20",
      "squad": false,
      "matchStarted": false
    },
    {
      "unique_id": 1199147,
      "date": "2019-09-09T00:00:00.000Z",
      "dateTimeGMT": "2019-09-09T04:30:00.000Z",
      "team-1": "Afghanistan Under-19s",
      "team-2": "India Under-19s",
      "type": "YouthODI",
      "squad": false,
      "matchStarted": false
    },
    {
      "unique_id": 1199148,
      "date": "2019-09-09T00:00:00.000Z",
      "dateTimeGMT": "2019-09-09T04:30:00.000Z",
      "team-1": "Kuwait Under-19s",
      "team-2": "Pakistan Under-19s",
      "squad": false,
      "matchStarted": false,
      "type": ""
    },
    {
      "unique_id": 1182956,
      "date": "2019-09-09T00:00:00.000Z",
      "dateTimeGMT": "2019-09-09T14:30:00.000Z",
      "team-1": "Glasgow Giants",
      "team-2": "Rotterdam Rhinos",
      "type": "Twenty20",
      "squad": false,
      "matchStarted": false
    },
    {
      "unique_id": 1197425,
      "date": "2019-09-09T00:00:00.000Z",
      "dateTimeGMT": "2019-09-09T04:00:00.000Z",
      "team-1": "India A",
      "team-2": "South Africa A",
      "type": "First-class",
      "squad": false,
      "matchStarted": false
    },
    {
      "unique_id": 1199149,
      "date": "2019-09-10T00:00:00.000Z",
      "dateTimeGMT": "2019-09-10T04:30:00.000Z",
      "team-1": "Sri Lanka Under-19s",
      "team-2": "Bangladesh Under-19s",
      "type": "YouthODI",
      "squad": false,
      "matchStarted": false
    },
    {
      "unique_id": 1199150,
      "date": "2019-09-10T00:00:00.000Z",
      "dateTimeGMT": "2019-09-10T04:30:00.000Z",
      "team-1": "Nepal Under-19s",
      "team-2": "United Arab Emirates Under-19s",
      "squad": false,
      "matchStarted": false,
      "type": ""
    },
    {
      "unique_id": 1185843,
      "date": "2019-09-10T00:00:00.000Z",
      "dateTimeGMT": "2019-09-10T22:00:00.000Z",
      "team-1": "St Kitts and Nevis Patriots",
      "team-2": "Jamaica Tallawahs",
      "type": "Twenty20",
      "squad": true,
      "matchStarted": false
    },
    {
      "unique_id": 1166957,
      "date": "2019-09-10T00:00:00.000Z",
      "dateTimeGMT": "2019-09-10T09:30:00.000Z",
      "team-1": "Essex",
      "team-2": "Warwickshire",
      "type": "First-class",
      "squad": false,
      "matchStarted": false
    },
    {
      "unique_id": 1166958,
      "date": "2019-09-10T00:00:00.000Z",
      "dateTimeGMT": "2019-09-10T09:30:00.000Z",
      "team-1": "Hampshire",
      "team-2": "Surrey",
      "type": "First-class",
      "squad": false,
      "matchStarted": false
    },
    {
      "unique_id": 1166959,
      "date": "2019-09-10T00:00:00.000Z",
      "dateTimeGMT": "2019-09-10T09:30:00.000Z",
      "team-1": "Nottinghamshire",
      "team-2": "Kent",
      "type": "First-class",
      "squad": false,
      "matchStarted": false
    },
    {
      "unique_id": 1166960,
      "date": "2019-09-10T00:00:00.000Z",
      "dateTimeGMT": "2019-09-10T09:30:00.000Z",
      "team-1": "Somerset",
      "team-2": "Yorkshire",
      "type": "First-class",
      "squad": false,
      "matchStarted": false
    },
    {
      "unique_id": 1167024,
      "date": "2019-09-10T00:00:00.000Z",
      "dateTimeGMT": "2019-09-10T09:30:00.000Z",
      "team-1": "Gloucestershire",
      "team-2": "Sussex",
      "type": "First-class",
      "squad": false,
      "matchStarted": false
    },
    {
      "unique_id": 1167025,
      "date": "2019-09-10T00:00:00.000Z",
      "dateTimeGMT": "2019-09-10T09:30:00.000Z",
      "team-1": "Lancashire",
      "team-2": "Derbyshire",
      "type": "First-class",
      "squad": false,
      "matchStarted": false
    },
    {
      "unique_id": 1167026,
      "date": "2019-09-10T00:00:00.000Z",
      "dateTimeGMT": "2019-09-10T09:30:00.000Z",
      "team-1": "Leicestershire",
      "team-2": "Northamptonshire",
      "type": "First-class",
      "squad": false,
      "matchStarted": false
    },
    {
      "unique_id": 1167027,
      "date": "2019-09-10T00:00:00.000Z",
      "dateTimeGMT": "2019-09-10T09:30:00.000Z",
      "team-1": "Middlesex",
      "team-2": "Durham",
      "type": "First-class",
      "squad": false,
      "matchStarted": false
    },
    {
      "unique_id": 1167028,
      "date": "2019-09-10T00:00:00.000Z",
      "dateTimeGMT": "2019-09-10T09:30:00.000Z",
      "team-1": "Worcestershire",
      "team-2": "Glamorgan",
      "type": "First-class",
      "squad": false,
      "matchStarted": false
    },
    {
      "unique_id": 1182957,
      "date": "2019-09-10T00:00:00.000Z",
      "dateTimeGMT": "2019-09-10T14:30:00.000Z",
      "team-1": "Edinburgh Rocks",
      "team-2": "Dublin Chiefs",
      "type": "Twenty20",
      "squad": false,
      "matchStarted": false
    },
    {
      "unique_id": 1185844,
      "date": "2019-09-11T00:00:00.000Z",
      "dateTimeGMT": "2019-09-11T22:00:00.000Z",
      "team-1": "St Kitts and Nevis Patriots",
      "team-2": "Barbados Tridents",
      "type": "Twenty20",
      "squad": true,
      "matchStarted": false
    },
    {
      "unique_id": 1198474,
      "date": "2019-09-11T00:00:00.000Z",
      "dateTimeGMT": "2019-09-11T13:30:00.000Z",
      "team-1": "West Indies Women",
      "team-2": "Australia Women",
      "type": "WomensODI",
      "squad": true,
      "matchStarted": false
    },
    {
      "unique_id": 1197139,
      "date": "2019-09-11T00:00:00.000Z",
      "dateTimeGMT": "2019-09-11T03:00:00.000Z",
      "team-1": "Bangladesh Cricket Board XI",
      "team-2": "Zimbabwe XI",
      "type": "ODI",
      "squad": false,
      "matchStarted": false
    },
    {
      "unique_id": 1182958,
      "date": "2019-09-11T00:00:00.000Z",
      "dateTimeGMT": "2019-09-11T14:30:00.000Z",
      "team-1": "Dublin Chiefs",
      "team-2": "Rotterdam Rhinos",
      "type": "Twenty20",
      "squad": false,
      "matchStarted": false
    },
    {
      "unique_id": 1199151,
      "date": "2019-09-12T00:00:00.000Z",
      "dateTimeGMT": "2019-09-12T04:30:00.000Z",
      "team-1": "TBA",
      "team-2": "TBA",
      "squad": false,
      "matchStarted": false,
      "type": ""
    },
    {
      "unique_id": 1199152,
      "date": "2019-09-12T00:00:00.000Z",
      "dateTimeGMT": "2019-09-12T04:30:00.000Z",
      "team-1": "TBA",
      "team-2": "TBA",
      "squad": false,
      "matchStarted": false,
      "type": ""
    },
    {
      "unique_id": 1152850,
      "date": "2019-09-12T00:00:00.000Z",
      "dateTimeGMT": "2019-09-12T10:00:00.000Z",
      "team-1": "England",
      "team-2": "Australia",
      "type": "Test",
      "squad": true,
      "matchStarted": false
    },
    {
      "unique_id": 1182959,
      "date": "2019-09-12T00:00:00.000Z",
      "dateTimeGMT": "2019-09-12T14:30:00.000Z",
      "team-1": "Edinburgh Rocks",
      "team-2": "Glasgow Giants",
      "type": "Twenty20",
      "squad": false,
      "matchStarted": false
    },
    {
      "unique_id": 1185845,
      "date": "2019-09-13T00:00:00.000Z",
      "dateTimeGMT": "2019-09-13T00:00:00.000Z",
      "team-1": "Jamaica Tallawahs",
      "team-2": "St Lucia Zouks",
      "type": "Twenty20",
      "squad": true,
      "matchStarted": false
    },
    {
      "unique_id": 1199153,
      "date": "2019-09-14T00:00:00.000Z",
      "dateTimeGMT": "2019-09-14T04:30:00.000Z",
      "team-1": "TBA",
      "team-2": "TBA",
      "squad": false,
      "matchStarted": false,
      "type": ""
    }
  ],
  "v": "1",
  "ttl": 169,
  "provider": {
    "source": "Various",
    "url": "https://cricapi.com/",
    "pubDate": "2019-09-06T11:04:21.113Z"
  },
  "creditsLeft": 216
}